,Code,Code.1,County,Metropolitan,Statistical,region name
0,10180,48059,Callahan,"County,",TX,"Callahan County, TX"
1,10180,48253,Jones,"County,",TX,"Jones County, TX"
2,10180,48441,Taylor,"County,",TX,"Taylor County, TX"
3,10380,72003,Aguada,"Municipio,",PR,"Aguada Municipio, PR"
4,10380,72005,Aguadilla,"Municipio,",PR,"Aguadilla Municipio, PR"
5,10380,72011,AÒasco,"Municipio,",PR,"AÒasco Municipio, PR"
6,10380,72071,Isabela,"Municipio,",PR,"Isabela Municipio, PR"
7,10380,72081,Lares,"Municipio,",PR,"Lares Municipio, PR"
8,10380,72099,Moca,"Municipio,",PR,"Moca Municipio, PR"
9,10380,72117,RincÛn,"Municipio,",PR,"RincÛn Municipio, PR"
10,10380,72131,San,Sebasti·n,"Municipio,","San Sebasti·n Municipio,"
11,10420,39133,Portage,"County,",OH,"Portage County, OH"
12,10420,39153,Summit,"County,",OH,"Summit County, OH"
13,10500,13007,Baker,"County,",GA,"Baker County, GA"
14,10500,13095,Dougherty,"County,",GA,"Dougherty County, GA"
15,10500,13177,Lee,"County,",GA,"Lee County, GA"
16,10500,13273,Terrell,"County,",GA,"Terrell County, GA"
17,10500,13321,Worth,"County,",GA,"Worth County, GA"
18,10580,36001,Albany,"County,",NY,"Albany County, NY"
19,10580,36083,Rensselaer,"County,",NY,"Rensselaer County, NY"
20,10580,36091,Saratoga,"County,",NY,"Saratoga County, NY"
21,10580,36093,Schenectady,"County,",NY,"Schenectady County, NY"
22,10580,36095,Schoharie,"County,",NY,"Schoharie County, NY"
23,10740,35001,Bernalillo,"County,",NM,"Bernalillo County, NM"
24,10740,35043,Sandoval,"County,",NM,"Sandoval County, NM"
25,10740,35057,Torrance,"County,",NM,"Torrance County, NM"
26,10740,35061,Valencia,"County,",NM,"Valencia County, NM"
27,10780,22043,Grant,"Parish,",LA,"Grant Parish, LA"
28,10780,22079,Rapides,"Parish,",LA,"Rapides Parish, LA"
29,10900,34041,Warren,"County,",NJ,"Warren County, NJ"
30,10900,42025,Carbon,"County,",PA,"Carbon County, PA"
31,10900,42077,Lehigh,"County,",PA,"Lehigh County, PA"
32,10900,42095,Northampton,"County,",PA,"Northampton County, PA"
33,11020,42013,Blair,"County,",PA,"Blair County, PA"
34,11100,48011,Armstrong,"County,",TX,"Armstrong County, TX"
35,11100,48065,Carson,"County,",TX,"Carson County, TX"
36,11100,48375,Potter,"County,",TX,"Potter County, TX"
37,11100,48381,Randall,"County,",TX,"Randall County, TX"
38,11180,19169,Story,"County,",IA,"Story County, IA"
39,11260,2020,Anchorage,"Municipality,",AK,"Anchorage Municipality, AK"
40,11260,2170,Matanuska-Susitna,"Borough,",AK,"Matanuska-Susitna Borough, AK"
41,11300,18095,Madison,"County,",IN,"Madison County, IN"
44,11340,45007,Anderson,"County,",SC,"Anderson County, SC"
47,11460,26161,Washtenaw,"County,",MI,"Washtenaw County, MI"
50,11500,1015,Calhoun,"County,",AL,"Calhoun County, AL"
53,11540,55015,Calumet,"County,",WI,"Calumet County, WI"
54,11540,55087,Outagamie,"County,",WI,"Outagamie County, WI"
57,11700,37021,Buncombe,"County,",NC,"Buncombe County, NC"
58,11700,37087,Haywood,"County,",NC,"Haywood County, NC"
59,11700,37089,Henderson,"County,",NC,"Henderson County, NC"
60,11700,37115,Madison,"County,",NC,"Madison County, NC"
63,12020,13059,Clarke,"County,",GA,"Clarke County, GA"
64,12020,13195,Madison,"County,",GA,"Madison County, GA"
65,12020,13219,Oconee,"County,",GA,"Oconee County, GA"
66,12020,13221,Oglethorpe,"County,",GA,"Oglethorpe County, GA"
69,12060,13013,Barrow,"County,",GA,"Barrow County, GA"
70,12060,13015,Bartow,"County,",GA,"Bartow County, GA"
71,12060,13035,Butts,"County,",GA,"Butts County, GA"
72,12060,13045,Carroll,"County,",GA,"Carroll County, GA"
73,12060,13057,Cherokee,"County,",GA,"Cherokee County, GA"
74,12060,13063,Clayton,"County,",GA,"Clayton County, GA"
75,12060,13067,Cobb,"County,",GA,"Cobb County, GA"
76,12060,13077,Coweta,"County,",GA,"Coweta County, GA"
77,12060,13085,Dawson,"County,",GA,"Dawson County, GA"
78,12060,13089,DeKalb,"County,",GA,"DeKalb County, GA"
79,12060,13097,Douglas,"County,",GA,"Douglas County, GA"
80,12060,13113,Fayette,"County,",GA,"Fayette County, GA"
81,12060,13117,Forsyth,"County,",GA,"Forsyth County, GA"
82,12060,13121,Fulton,"County,",GA,"Fulton County, GA"
83,12060,13135,Gwinnett,"County,",GA,"Gwinnett County, GA"
84,12060,13143,Haralson,"County,",GA,"Haralson County, GA"
85,12060,13149,Heard,"County,",GA,"Heard County, GA"
86,12060,13151,Henry,"County,",GA,"Henry County, GA"
87,12060,13159,Jasper,"County,",GA,"Jasper County, GA"
88,12060,13171,Lamar,"County,",GA,"Lamar County, GA"
89,12060,13199,Meriwether,"County,",GA,"Meriwether County, GA"
90,12060,13217,Newton,"County,",GA,"Newton County, GA"
91,12060,13223,Paulding,"County,",GA,"Paulding County, GA"
92,12060,13227,Pickens,"County,",GA,"Pickens County, GA"
93,12060,13231,Pike,"County,",GA,"Pike County, GA"
94,12060,13247,Rockdale,"County,",GA,"Rockdale County, GA"
95,12060,13255,Spalding,"County,",GA,"Spalding County, GA"
96,12060,13297,Walton,"County,",GA,"Walton County, GA"
99,12100,34001,Atlantic,"County,",NJ,"Atlantic County, NJ"
102,12220,1081,Lee,"County,",AL,"Lee County, AL"
105,12260,13033,Burke,"County,",GA,"Burke County, GA"
106,12260,13073,Columbia,"County,",GA,"Columbia County, GA"
107,12260,13189,McDuffie,"County,",GA,"McDuffie County, GA"
108,12260,13245,Richmond,"County,",GA,"Richmond County, GA"
109,12260,45003,Aiken,"County,",SC,"Aiken County, SC"
110,12260,45037,Edgefield,"County,",SC,"Edgefield County, SC"
113,12420,48021,Bastrop,"County,",TX,"Bastrop County, TX"
114,12420,48055,Caldwell,"County,",TX,"Caldwell County, TX"
115,12420,48209,Hays,"County,",TX,"Hays County, TX"
116,12420,48453,Travis,"County,",TX,"Travis County, TX"
117,12420,48491,Williamson,"County,",TX,"Williamson County, TX"
120,12540,6029,Kern,"County,",CA,"Kern County, CA"
123,12580,24003,Anne,Arundel,"County,","Anne Arundel County,"
124,12580,24005,Baltimore,"County,",MD,"Baltimore County, MD"
125,12580,24013,Carroll,"County,",MD,"Carroll County, MD"
126,12580,24025,Harford,"County,",MD,"Harford County, MD"
127,12580,24027,Howard,"County,",MD,"Howard County, MD"
128,12580,24035,Queen,Anne's,"County,","Queen Anne's County,"
129,12580,24510,Baltimore,"city,",MD,"Baltimore city, MD"
132,12620,23019,Penobscot,"County,",ME,"Penobscot County, ME"
135,12700,25001,Barnstable,"County,",MA,"Barnstable County, MA"
138,12940,22005,Ascension,"Parish,",LA,"Ascension Parish, LA"
139,12940,22033,East,Baton,Rouge,East Baton Rouge
140,12940,22037,East,Feliciana,"Parish,","East Feliciana Parish,"
141,12940,22047,Iberville,"Parish,",LA,"Iberville Parish, LA"
142,12940,22063,Livingston,"Parish,",LA,"Livingston Parish, LA"
143,12940,22077,Pointe,Coupee,"Parish,","Pointe Coupee Parish,"
144,12940,22091,St.,Helena,"Parish,","St. Helena Parish,"
145,12940,22121,West,Baton,Rouge,West Baton Rouge
146,12940,22125,West,Feliciana,"Parish,","West Feliciana Parish,"
149,12980,26025,Calhoun,"County,",MI,"Calhoun County, MI"
152,13020,26017,Bay,"County,",MI,"Bay County, MI"
155,13140,48199,Hardin,"County,",TX,"Hardin County, TX"
156,13140,48245,Jefferson,"County,",TX,"Jefferson County, TX"
157,13140,48361,Orange,"County,",TX,"Orange County, TX"
160,13380,53073,Whatcom,"County,",WA,"Whatcom County, WA"
163,13460,41017,Deschutes,"County,",OR,"Deschutes County, OR"
166,13740,30009,Carbon,"County,",MT,"Carbon County, MT"
167,13740,30111,Yellowstone,"County,",MT,"Yellowstone County, MT"
170,13780,36007,Broome,"County,",NY,"Broome County, NY"
171,13780,36107,Tioga,"County,",NY,"Tioga County, NY"
174,13820,1007,Bibb,"County,",AL,"Bibb County, AL"
175,13820,1009,Blount,"County,",AL,"Blount County, AL"
176,13820,1021,Chilton,"County,",AL,"Chilton County, AL"
177,13820,1073,Jefferson,"County,",AL,"Jefferson County, AL"
178,13820,1115,St.,Clair,"County,","St. Clair County,"
179,13820,1117,Shelby,"County,",AL,"Shelby County, AL"
180,13820,1127,Walker,"County,",AL,"Walker County, AL"
183,13900,38015,Burleigh,"County,",ND,"Burleigh County, ND"
184,13900,38059,Morton,"County,",ND,"Morton County, ND"
187,13980,51071,Giles,"County,",VA,"Giles County, VA"
188,13980,51121,Montgomery,"County,",VA,"Montgomery County, VA"
189,13980,51155,Pulaski,"County,",VA,"Pulaski County, VA"
190,13980,51750,Radford,"city,",VA,"Radford city, VA"
193,14020,18055,Greene,"County,",IN,"Greene County, IN"
194,14020,18105,Monroe,"County,",IN,"Monroe County, IN"
195,14020,18119,Owen,"County,",IN,"Owen County, IN"
198,14060,17113,McLean,"County,",IL,"McLean County, IL"
201,14260,16001,Ada,"County,",ID,"Ada County, ID"
202,14260,16015,Boise,"County,",ID,"Boise County, ID"
203,14260,16027,Canyon,"County,",ID,"Canyon County, ID"
204,14260,16045,Gem,"County,",ID,"Gem County, ID"
205,14260,16073,Owyhee,"County,",ID,"Owyhee County, ID"
208,14460,14484,"Boston-Quincy,",MA,Metropolitan,"Boston-Quincy, MA Metropolitan"
212,14460,15764,"Cambridge-Newton-Framingham,",MA,Metropolitan,"Cambridge-Newton-Framingham, MA Metropolitan"
214,14460,37764,"Peabody,",MA,Metropolitan,"Peabody, MA Metropolitan"
216,14460,40484,Rockingham,County-Strafford,"County,","Rockingham County-Strafford County,"
221,14500,8013,Boulder,"County,",CO,"Boulder County, CO"
224,14540,21061,Edmonson,"County,",KY,"Edmonson County, KY"
225,14540,21227,Warren,"County,",KY,"Warren County, KY"
228,14740,53035,Kitsap,"County,",WA,"Kitsap County, WA"
231,14860,9001,Fairfield,"County,",CT,"Fairfield County, CT"
234,15180,48061,Cameron,"County,",TX,"Cameron County, TX"
237,15260,13025,Brantley,"County,",GA,"Brantley County, GA"
238,15260,13127,Glynn,"County,",GA,"Glynn County, GA"
239,15260,13191,McIntosh,"County,",GA,"McIntosh County, GA"
242,15380,36029,Erie,"County,",NY,"Erie County, NY"
243,15380,36063,Niagara,"County,",NY,"Niagara County, NY"
246,15500,37001,Alamance,"County,",NC,"Alamance County, NC"
249,15540,50007,Chittenden,"County,",VT,"Chittenden County, VT"
250,15540,50011,Franklin,"County,",VT,"Franklin County, VT"
251,15540,50013,Grand,Isle,"County,","Grand Isle County,"
254,15940,39019,Carroll,"County,",OH,"Carroll County, OH"
255,15940,39151,Stark,"County,",OH,"Stark County, OH"
258,15980,12071,Lee,"County,",FL,"Lee County, FL"
261,16020,17003,Alexander,"County,",IL,"Alexander County, IL"
262,16020,29017,Bollinger,"County,",MO,"Bollinger County, MO"
263,16020,29031,Cape,Girardeau,"County,","Cape Girardeau County,"
266,16180,32510,Carson,"City,",NV,"Carson City, NV"
269,16220,56025,Natrona,"County,",WY,"Natrona County, WY"
272,16300,19011,Benton,"County,",IA,"Benton County, IA"
273,16300,19105,Jones,"County,",IA,"Jones County, IA"
274,16300,19113,Linn,"County,",IA,"Linn County, IA"
277,16580,17019,Champaign,"County,",IL,"Champaign County, IL"
278,16580,17053,Ford,"County,",IL,"Ford County, IL"
279,16580,17147,Piatt,"County,",IL,"Piatt County, IL"
282,16620,54005,Boone,"County,",WV,"Boone County, WV"
283,16620,54015,Clay,"County,",WV,"Clay County, WV"
284,16620,54039,Kanawha,"County,",WV,"Kanawha County, WV"
285,16620,54043,Lincoln,"County,",WV,"Lincoln County, WV"
286,16620,54079,Putnam,"County,",WV,"Putnam County, WV"
289,16700,45015,Berkeley,"County,",SC,"Berkeley County, SC"
290,16700,45019,Charleston,"County,",SC,"Charleston County, SC"
291,16700,45035,Dorchester,"County,",SC,"Dorchester County, SC"
294,16740,37007,Anson,"County,",NC,"Anson County, NC"
295,16740,37025,Cabarrus,"County,",NC,"Cabarrus County, NC"
296,16740,37071,Gaston,"County,",NC,"Gaston County, NC"
297,16740,37119,Mecklenburg,"County,",NC,"Mecklenburg County, NC"
298,16740,37179,Union,"County,",NC,"Union County, NC"
299,16740,45091,York,"County,",SC,"York County, SC"
302,16820,51003,Albemarle,"County,",VA,"Albemarle County, VA"
303,16820,51065,Fluvanna,"County,",VA,"Fluvanna County, VA"
304,16820,51079,Greene,"County,",VA,"Greene County, VA"
305,16820,51125,Nelson,"County,",VA,"Nelson County, VA"
306,16820,51540,Charlottesville,"city,",VA,"Charlottesville city, VA"
309,16860,13047,Catoosa,"County,",GA,"Catoosa County, GA"
310,16860,13083,Dade,"County,",GA,"Dade County, GA"
311,16860,13295,Walker,"County,",GA,"Walker County, GA"
312,16860,47065,Hamilton,"County,",TN,"Hamilton County, TN"
313,16860,47115,Marion,"County,",TN,"Marion County, TN"
314,16860,47153,Sequatchie,"County,",TN,"Sequatchie County, TN"
317,16940,56021,Laramie,"County,",WY,"Laramie County, WY"
320,16980,16974,"Chicago-Joliet-Naperville,",IL,Metropolitan,"Chicago-Joliet-Naperville, IL Metropolitan"
329,16980,23844,"Gary,",IN,Metropolitan,"Gary, IN Metropolitan"
334,16980,29404,Lake,County-Kenosha,"County,","Lake County-Kenosha County,"
339,17020,6007,Butte,"County,",CA,"Butte County, CA"
342,17140,18029,Dearborn,"County,",IN,"Dearborn County, IN"
343,17140,18047,Franklin,"County,",IN,"Franklin County, IN"
344,17140,18115,Ohio,"County,",IN,"Ohio County, IN"
345,17140,21015,Boone,"County,",KY,"Boone County, KY"
346,17140,21023,Bracken,"County,",KY,"Bracken County, KY"
347,17140,21037,Campbell,"County,",KY,"Campbell County, KY"
348,17140,21077,Gallatin,"County,",KY,"Gallatin County, KY"
349,17140,21081,Grant,"County,",KY,"Grant County, KY"
350,17140,21117,Kenton,"County,",KY,"Kenton County, KY"
351,17140,21191,Pendleton,"County,",KY,"Pendleton County, KY"
352,17140,39015,Brown,"County,",OH,"Brown County, OH"
353,17140,39017,Butler,"County,",OH,"Butler County, OH"
354,17140,39025,Clermont,"County,",OH,"Clermont County, OH"
355,17140,39061,Hamilton,"County,",OH,"Hamilton County, OH"
356,17140,39165,Warren,"County,",OH,"Warren County, OH"
359,17300,21047,Christian,"County,",KY,"Christian County, KY"
360,17300,21221,Trigg,"County,",KY,"Trigg County, KY"
361,17300,47125,Montgomery,"County,",TN,"Montgomery County, TN"
362,17300,47161,Stewart,"County,",TN,"Stewart County, TN"
365,17420,47011,Bradley,"County,",TN,"Bradley County, TN"
366,17420,47139,Polk,"County,",TN,"Polk County, TN"
369,17460,39035,Cuyahoga,"County,",OH,"Cuyahoga County, OH"
370,17460,39055,Geauga,"County,",OH,"Geauga County, OH"
371,17460,39085,Lake,"County,",OH,"Lake County, OH"
372,17460,39093,Lorain,"County,",OH,"Lorain County, OH"
373,17460,39103,Medina,"County,",OH,"Medina County, OH"
376,17660,16055,Kootenai,"County,",ID,"Kootenai County, ID"
379,17780,48041,Brazos,"County,",TX,"Brazos County, TX"
380,17780,48051,Burleson,"County,",TX,"Burleson County, TX"
381,17780,48395,Robertson,"County,",TX,"Robertson County, TX"
384,17820,8041,El,Paso,"County,","El Paso County,"
385,17820,8119,Teller,"County,",CO,"Teller County, CO"
388,17860,29019,Boone,"County,",MO,"Boone County, MO"
389,17860,29089,Howard,"County,",MO,"Howard County, MO"
392,17900,45017,Calhoun,"County,",SC,"Calhoun County, SC"
393,17900,45039,Fairfield,"County,",SC,"Fairfield County, SC"
394,17900,45055,Kershaw,"County,",SC,"Kershaw County, SC"
395,17900,45063,Lexington,"County,",SC,"Lexington County, SC"
396,17900,45079,Richland,"County,",SC,"Richland County, SC"
397,17900,45081,Saluda,"County,",SC,"Saluda County, SC"
400,17980,1113,Russell,"County,",AL,"Russell County, AL"
401,17980,13053,Chattahoochee,"County,",GA,"Chattahoochee County, GA"
402,17980,13145,Harris,"County,",GA,"Harris County, GA"
403,17980,13197,Marion,"County,",GA,"Marion County, GA"
404,17980,13215,Muscogee,"County,",GA,"Muscogee County, GA"
407,18020,18005,Bartholomew,"County,",IN,"Bartholomew County, IN"
410,18140,39041,Delaware,"County,",OH,"Delaware County, OH"
411,18140,39045,Fairfield,"County,",OH,"Fairfield County, OH"
412,18140,39049,Franklin,"County,",OH,"Franklin County, OH"
413,18140,39089,Licking,"County,",OH,"Licking County, OH"
414,18140,39097,Madison,"County,",OH,"Madison County, OH"
415,18140,39117,Morrow,"County,",OH,"Morrow County, OH"
416,18140,39129,Pickaway,"County,",OH,"Pickaway County, OH"
417,18140,39159,Union,"County,",OH,"Union County, OH"
420,18580,48007,Aransas,"County,",TX,"Aransas County, TX"
421,18580,48355,Nueces,"County,",TX,"Nueces County, TX"
422,18580,48409,San,Patricio,"County,","San Patricio County,"
425,18700,41003,Benton,"County,",OR,"Benton County, OR"
428,18880,12091,Okaloosa,"County,",FL,"Okaloosa County, FL"
431,19060,24001,Allegany,"County,",MD,"Allegany County, MD"
432,19060,54057,Mineral,"County,",WV,"Mineral County, WV"
435,19100,19124,"Dallas-Plano-Irving,",TX,Metropolitan,"Dallas-Plano-Irving, TX Metropolitan"
444,19100,23104,Fort,"Worth-Arlington,",TX,"Fort Worth-Arlington, TX"
451,19140,13213,Murray,"County,",GA,"Murray County, GA"
452,19140,13313,Whitfield,"County,",GA,"Whitfield County, GA"
455,19180,17183,Vermilion,"County,",IL,"Vermilion County, IL"
458,19260,51143,Pittsylvania,"County,",VA,"Pittsylvania County, VA"
459,19260,51590,Danville,"city,",VA,"Danville city, VA"
462,19340,17073,Henry,"County,",IL,"Henry County, IL"
463,19340,17131,Mercer,"County,",IL,"Mercer County, IL"
464,19340,17161,Rock,Island,"County,","Rock Island County,"
465,19340,19163,Scott,"County,",IA,"Scott County, IA"
468,19380,39057,Greene,"County,",OH,"Greene County, OH"
469,19380,39109,Miami,"County,",OH,"Miami County, OH"
470,19380,39113,Montgomery,"County,",OH,"Montgomery County, OH"
471,19380,39135,Preble,"County,",OH,"Preble County, OH"
474,19460,1079,Lawrence,"County,",AL,"Lawrence County, AL"
475,19460,1103,Morgan,"County,",AL,"Morgan County, AL"
478,19500,17115,Macon,"County,",IL,"Macon County, IL"
481,19660,12127,Volusia,"County,",FL,"Volusia County, FL"
484,19740,8001,Adams,"County,",CO,"Adams County, CO"
485,19740,8005,Arapahoe,"County,",CO,"Arapahoe County, CO"
486,19740,8014,Broomfield,"County,",CO,"Broomfield County, CO"
487,19740,8019,Clear,Creek,"County,","Clear Creek County,"
488,19740,8031,Denver,"County,",CO,"Denver County, CO"
489,19740,8035,Douglas,"County,",CO,"Douglas County, CO"
490,19740,8039,Elbert,"County,",CO,"Elbert County, CO"
491,19740,8047,Gilpin,"County,",CO,"Gilpin County, CO"
492,19740,8059,Jefferson,"County,",CO,"Jefferson County, CO"
493,19740,8093,Park,"County,",CO,"Park County, CO"
496,19780,19049,Dallas,"County,",IA,"Dallas County, IA"
497,19780,19077,Guthrie,"County,",IA,"Guthrie County, IA"
498,19780,19121,Madison,"County,",IA,"Madison County, IA"
499,19780,19153,Polk,"County,",IA,"Polk County, IA"
500,19780,19181,Warren,"County,",IA,"Warren County, IA"
503,19820,19804,"Detroit-Livonia-Dearborn,",MI,Metropolitan,"Detroit-Livonia-Dearborn, MI Metropolitan"
505,19820,47644,Warren-Troy-Farmington,"Hills,",MI,"Warren-Troy-Farmington Hills, MI"
513,20020,1061,Geneva,"County,",AL,"Geneva County, AL"
514,20020,1067,Henry,"County,",AL,"Henry County, AL"
515,20020,1069,Houston,"County,",AL,"Houston County, AL"
518,20100,10001,Kent,"County,",DE,"Kent County, DE"
521,20220,19061,Dubuque,"County,",IA,"Dubuque County, IA"
524,20260,27017,Carlton,"County,",MN,"Carlton County, MN"
525,20260,27137,St.,Louis,"County,","St. Louis County,"
526,20260,55031,Douglas,"County,",WI,"Douglas County, WI"
529,20500,37037,Chatham,"County,",NC,"Chatham County, NC"
530,20500,37063,Durham,"County,",NC,"Durham County, NC"
531,20500,37135,Orange,"County,",NC,"Orange County, NC"
532,20500,37145,Person,"County,",NC,"Person County, NC"
535,20740,55017,Chippewa,"County,",WI,"Chippewa County, WI"
536,20740,55035,Eau,Claire,"County,","Eau Claire County,"
539,20940,6025,Imperial,"County,",CA,"Imperial County, CA"
542,21060,21093,Hardin,"County,",KY,"Hardin County, KY"
543,21060,21123,Larue,"County,",KY,"Larue County, KY"
546,21140,18039,Elkhart,"County,",IN,"Elkhart County, IN"
549,21300,36015,Chemung,"County,",NY,"Chemung County, NY"
552,21340,48141,El,Paso,"County,","El Paso County,"
555,21500,42049,Erie,"County,",PA,"Erie County, PA"
558,21660,41039,Lane,"County,",OR,"Lane County, OR"
561,21780,18051,Gibson,"County,",IN,"Gibson County, IN"
562,21780,18129,Posey,"County,",IN,"Posey County, IN"
563,21780,18163,Vanderburgh,"County,",IN,"Vanderburgh County, IN"
564,21780,18173,Warrick,"County,",IN,"Warrick County, IN"
565,21780,21101,Henderson,"County,",KY,"Henderson County, KY"
566,21780,21233,Webster,"County,",KY,"Webster County, KY"
569,21820,2090,Fairbanks,North,Star,Fairbanks North Star
572,21940,72037,Ceiba,"Municipio,",PR,"Ceiba Municipio, PR"
573,21940,72053,Fajardo,"Municipio,",PR,"Fajardo Municipio, PR"
574,21940,72089,Luquillo,"Municipio,",PR,"Luquillo Municipio, PR"
577,22020,27027,Clay,"County,",MN,"Clay County, MN"
578,22020,38017,Cass,"County,",ND,"Cass County, ND"
581,22140,35045,San,Juan,"County,","San Juan County,"
584,22180,37051,Cumberland,"County,",NC,"Cumberland County, NC"
585,22180,37093,Hoke,"County,",NC,"Hoke County, NC"
588,22220,5007,Benton,"County,",AR,"Benton County, AR"
589,22220,5087,Madison,"County,",AR,"Madison County, AR"
590,22220,5143,Washington,"County,",AR,"Washington County, AR"
591,22220,29119,McDonald,"County,",MO,"McDonald County, MO"
594,22380,4005,Coconino,"County,",AZ,"Coconino County, AZ"
597,22420,26049,Genesee,"County,",MI,"Genesee County, MI"
600,22500,45031,Darlington,"County,",SC,"Darlington County, SC"
601,22500,45041,Florence,"County,",SC,"Florence County, SC"
604,22520,1033,Colbert,"County,",AL,"Colbert County, AL"
605,22520,1077,Lauderdale,"County,",AL,"Lauderdale County, AL"
608,22540,55039,Fond,du,Lac,Fond du Lac
611,22660,8069,Larimer,"County,",CO,"Larimer County, CO"
614,22900,5033,Crawford,"County,",AR,"Crawford County, AR"
615,22900,5047,Franklin,"County,",AR,"Franklin County, AR"
616,22900,5131,Sebastian,"County,",AR,"Sebastian County, AR"
617,22900,40079,Le,Flore,"County,","Le Flore County,"
618,22900,40135,Sequoyah,"County,",OK,"Sequoyah County, OK"
621,23060,18003,Allen,"County,",IN,"Allen County, IN"
622,23060,18179,Wells,"County,",IN,"Wells County, IN"
623,23060,18183,Whitley,"County,",IN,"Whitley County, IN"
626,23420,6019,Fresno,"County,",CA,"Fresno County, CA"
629,23460,1055,Etowah,"County,",AL,"Etowah County, AL"
632,23540,12001,Alachua,"County,",FL,"Alachua County, FL"
633,23540,12041,Gilchrist,"County,",FL,"Gilchrist County, FL"
636,23580,13139,Hall,"County,",GA,"Hall County, GA"
639,24020,36113,Warren,"County,",NY,"Warren County, NY"
640,24020,36115,Washington,"County,",NY,"Washington County, NY"
643,24140,37191,Wayne,"County,",NC,"Wayne County, NC"
646,24220,27119,Polk,"County,",MN,"Polk County, MN"
647,24220,38035,Grand,Forks,"County,","Grand Forks County,"
650,24300,8077,Mesa,"County,",CO,"Mesa County, CO"
653,24340,26015,Barry,"County,",MI,"Barry County, MI"
654,24340,26067,Ionia,"County,",MI,"Ionia County, MI"
655,24340,26081,Kent,"County,",MI,"Kent County, MI"
656,24340,26123,Newaygo,"County,",MI,"Newaygo County, MI"
659,24500,30013,Cascade,"County,",MT,"Cascade County, MT"
662,24540,8123,Weld,"County,",CO,"Weld County, CO"
665,24580,55009,Brown,"County,",WI,"Brown County, WI"
666,24580,55061,Kewaunee,"County,",WI,"Kewaunee County, WI"
667,24580,55083,Oconto,"County,",WI,"Oconto County, WI"
670,24660,37081,Guilford,"County,",NC,"Guilford County, NC"
671,24660,37151,Randolph,"County,",NC,"Randolph County, NC"
672,24660,37157,Rockingham,"County,",NC,"Rockingham County, NC"
675,24780,37079,Greene,"County,",NC,"Greene County, NC"
676,24780,37147,Pitt,"County,",NC,"Pitt County, NC"
679,24860,45045,Greenville,"County,",SC,"Greenville County, SC"
680,24860,45059,Laurens,"County,",SC,"Laurens County, SC"
681,24860,45077,Pickens,"County,",SC,"Pickens County, SC"
684,25020,72015,Arroyo,"Municipio,",PR,"Arroyo Municipio, PR"
685,25020,72057,Guayama,"Municipio,",PR,"Guayama Municipio, PR"
686,25020,72109,Patillas,"Municipio,",PR,"Patillas Municipio, PR"
689,25060,28045,Hancock,"County,",MS,"Hancock County, MS"
690,25060,28047,Harrison,"County,",MS,"Harrison County, MS"
691,25060,28131,Stone,"County,",MS,"Stone County, MS"
694,25180,24043,Washington,"County,",MD,"Washington County, MD"
695,25180,54003,Berkeley,"County,",WV,"Berkeley County, WV"
696,25180,54065,Morgan,"County,",WV,"Morgan County, WV"
699,25260,6031,Kings,"County,",CA,"Kings County, CA"
702,25420,42041,Cumberland,"County,",PA,"Cumberland County, PA"
703,25420,42043,Dauphin,"County,",PA,"Dauphin County, PA"
704,25420,42099,Perry,"County,",PA,"Perry County, PA"
707,25500,51165,Rockingham,"County,",VA,"Rockingham County, VA"
708,25500,51660,Harrisonburg,"city,",VA,"Harrisonburg city, VA"
711,25540,9003,Hartford,"County,",CT,"Hartford County, CT"
712,25540,9007,Middlesex,"County,",CT,"Middlesex County, CT"
713,25540,9013,Tolland,"County,",CT,"Tolland County, CT"
716,25620,28035,Forrest,"County,",MS,"Forrest County, MS"
717,25620,28073,Lamar,"County,",MS,"Lamar County, MS"
718,25620,28111,Perry,"County,",MS,"Perry County, MS"
721,25860,37003,Alexander,"County,",NC,"Alexander County, NC"
722,25860,37023,Burke,"County,",NC,"Burke County, NC"
723,25860,37027,Caldwell,"County,",NC,"Caldwell County, NC"
724,25860,37035,Catawba,"County,",NC,"Catawba County, NC"
727,25980,13179,Liberty,"County,",GA,"Liberty County, GA"
728,25980,13183,Long,"County,",GA,"Long County, GA"
731,26100,26139,Ottawa,"County,",MI,"Ottawa County, MI"
734,26180,15003,Honolulu,"County,",HI,"Honolulu County, HI"
737,26300,5051,Garland,"County,",AR,"Garland County, AR"
740,26380,22057,Lafourche,"Parish,",LA,"Lafourche Parish, LA"
741,26380,22109,Terrebonne,"Parish,",LA,"Terrebonne Parish, LA"
744,26420,48015,Austin,"County,",TX,"Austin County, TX"
745,26420,48039,Brazoria,"County,",TX,"Brazoria County, TX"
746,26420,48071,Chambers,"County,",TX,"Chambers County, TX"
747,26420,48157,Fort,Bend,"County,","Fort Bend County,"
748,26420,48167,Galveston,"County,",TX,"Galveston County, TX"
749,26420,48201,Harris,"County,",TX,"Harris County, TX"
750,26420,48291,Liberty,"County,",TX,"Liberty County, TX"
751,26420,48339,Montgomery,"County,",TX,"Montgomery County, TX"
752,26420,48407,San,Jacinto,"County,","San Jacinto County,"
753,26420,48473,Waller,"County,",TX,"Waller County, TX"
756,26580,21019,Boyd,"County,",KY,"Boyd County, KY"
757,26580,21089,Greenup,"County,",KY,"Greenup County, KY"
758,26580,39087,Lawrence,"County,",OH,"Lawrence County, OH"
759,26580,54011,Cabell,"County,",WV,"Cabell County, WV"
760,26580,54099,Wayne,"County,",WV,"Wayne County, WV"
763,26620,1083,Limestone,"County,",AL,"Limestone County, AL"
764,26620,1089,Madison,"County,",AL,"Madison County, AL"
767,26820,16019,Bonneville,"County,",ID,"Bonneville County, ID"
768,26820,16051,Jefferson,"County,",ID,"Jefferson County, ID"
771,26900,18011,Boone,"County,",IN,"Boone County, IN"
772,26900,18013,Brown,"County,",IN,"Brown County, IN"
773,26900,18057,Hamilton,"County,",IN,"Hamilton County, IN"
774,26900,18059,Hancock,"County,",IN,"Hancock County, IN"
775,26900,18063,Hendricks,"County,",IN,"Hendricks County, IN"
776,26900,18081,Johnson,"County,",IN,"Johnson County, IN"
777,26900,18097,Marion,"County,",IN,"Marion County, IN"
778,26900,18109,Morgan,"County,",IN,"Morgan County, IN"
779,26900,18133,Putnam,"County,",IN,"Putnam County, IN"
780,26900,18145,Shelby,"County,",IN,"Shelby County, IN"
783,26980,19103,Johnson,"County,",IA,"Johnson County, IA"
784,26980,19183,Washington,"County,",IA,"Washington County, IA"
787,27060,36109,Tompkins,"County,",NY,"Tompkins County, NY"
790,27100,26075,Jackson,"County,",MI,"Jackson County, MI"
793,27140,28029,Copiah,"County,",MS,"Copiah County, MS"
794,27140,28049,Hinds,"County,",MS,"Hinds County, MS"
795,27140,28089,Madison,"County,",MS,"Madison County, MS"
796,27140,28121,Rankin,"County,",MS,"Rankin County, MS"
797,27140,28127,Simpson,"County,",MS,"Simpson County, MS"
800,27180,47023,Chester,"County,",TN,"Chester County, TN"
801,27180,47113,Madison,"County,",TN,"Madison County, TN"
804,27260,12003,Baker,"County,",FL,"Baker County, FL"
805,27260,12019,Clay,"County,",FL,"Clay County, FL"
806,27260,12031,Duval,"County,",FL,"Duval County, FL"
807,27260,12089,Nassau,"County,",FL,"Nassau County, FL"
808,27260,12109,St.,Johns,"County,","St. Johns County,"
811,27340,37133,Onslow,"County,",NC,"Onslow County, NC"
814,27500,55105,Rock,"County,",WI,"Rock County, WI"
817,27620,29027,Callaway,"County,",MO,"Callaway County, MO"
818,27620,29051,Cole,"County,",MO,"Cole County, MO"
819,27620,29135,Moniteau,"County,",MO,"Moniteau County, MO"
820,27620,29151,Osage,"County,",MO,"Osage County, MO"
823,27740,47019,Carter,"County,",TN,"Carter County, TN"
824,27740,47171,Unicoi,"County,",TN,"Unicoi County, TN"
825,27740,47179,Washington,"County,",TN,"Washington County, TN"
828,27780,42021,Cambria,"County,",PA,"Cambria County, PA"
831,27860,5031,Craighead,"County,",AR,"Craighead County, AR"
832,27860,5111,Poinsett,"County,",AR,"Poinsett County, AR"
835,27900,29097,Jasper,"County,",MO,"Jasper County, MO"
836,27900,29145,Newton,"County,",MO,"Newton County, MO"
839,28020,26077,Kalamazoo,"County,",MI,"Kalamazoo County, MI"
840,28020,26159,Van,Buren,"County,","Van Buren County,"
843,28100,17091,Kankakee,"County,",IL,"Kankakee County, IL"
846,28140,20059,Franklin,"County,",KS,"Franklin County, KS"
847,28140,20091,Johnson,"County,",KS,"Johnson County, KS"
848,28140,20103,Leavenworth,"County,",KS,"Leavenworth County, KS"
849,28140,20107,Linn,"County,",KS,"Linn County, KS"
850,28140,20121,Miami,"County,",KS,"Miami County, KS"
851,28140,20209,Wyandotte,"County,",KS,"Wyandotte County, KS"
852,28140,29013,Bates,"County,",MO,"Bates County, MO"
853,28140,29025,Caldwell,"County,",MO,"Caldwell County, MO"
854,28140,29037,Cass,"County,",MO,"Cass County, MO"
855,28140,29047,Clay,"County,",MO,"Clay County, MO"
856,28140,29049,Clinton,"County,",MO,"Clinton County, MO"
857,28140,29095,Jackson,"County,",MO,"Jackson County, MO"
858,28140,29107,Lafayette,"County,",MO,"Lafayette County, MO"
859,28140,29165,Platte,"County,",MO,"Platte County, MO"
860,28140,29177,Ray,"County,",MO,"Ray County, MO"
863,28420,53005,Benton,"County,",WA,"Benton County, WA"
864,28420,53021,Franklin,"County,",WA,"Franklin County, WA"
867,28660,48027,Bell,"County,",TX,"Bell County, TX"
868,28660,48099,Coryell,"County,",TX,"Coryell County, TX"
869,28660,48281,Lampasas,"County,",TX,"Lampasas County, TX"
872,28700,47073,Hawkins,"County,",TN,"Hawkins County, TN"
873,28700,47163,Sullivan,"County,",TN,"Sullivan County, TN"
874,28700,51169,Scott,"County,",VA,"Scott County, VA"
875,28700,51191,Washington,"County,",VA,"Washington County, VA"
876,28700,51520,Bristol,"city,",VA,"Bristol city, VA"
879,28740,36111,Ulster,"County,",NY,"Ulster County, NY"
882,28940,47001,Anderson,"County,",TN,"Anderson County, TN"
883,28940,47009,Blount,"County,",TN,"Blount County, TN"
884,28940,47093,Knox,"County,",TN,"Knox County, TN"
885,28940,47105,Loudon,"County,",TN,"Loudon County, TN"
886,28940,47173,Union,"County,",TN,"Union County, TN"
889,29020,18067,Howard,"County,",IN,"Howard County, IN"
890,29020,18159,Tipton,"County,",IN,"Tipton County, IN"
893,29100,27055,Houston,"County,",MN,"Houston County, MN"
894,29100,55063,La,Crosse,"County,","La Crosse County,"
897,29140,18007,Benton,"County,",IN,"Benton County, IN"
898,29140,18015,Carroll,"County,",IN,"Carroll County, IN"
899,29140,18157,Tippecanoe,"County,",IN,"Tippecanoe County, IN"
902,29180,22055,Lafayette,"Parish,",LA,"Lafayette Parish, LA"
903,29180,22099,St.,Martin,"Parish,","St. Martin Parish,"
906,29340,22019,Calcasieu,"Parish,",LA,"Calcasieu Parish, LA"
907,29340,22023,Cameron,"Parish,",LA,"Cameron Parish, LA"
910,29420,4015,Mohave,"County,",AZ,"Mohave County, AZ"
913,29460,12105,Polk,"County,",FL,"Polk County, FL"
916,29540,42071,Lancaster,"County,",PA,"Lancaster County, PA"
919,29620,26037,Clinton,"County,",MI,"Clinton County, MI"
920,29620,26045,Eaton,"County,",MI,"Eaton County, MI"
921,29620,26065,Ingham,"County,",MI,"Ingham County, MI"
924,29700,48479,Webb,"County,",TX,"Webb County, TX"
927,29740,35013,Dona,Ana,"County,","Dona Ana County,"
930,29820,32003,Clark,"County,",NV,"Clark County, NV"
933,29940,20045,Douglas,"County,",KS,"Douglas County, KS"
936,30020,40031,Comanche,"County,",OK,"Comanche County, OK"
939,30140,42075,Lebanon,"County,",PA,"Lebanon County, PA"
942,30300,16069,Nez,Perce,"County,","Nez Perce County,"
943,30300,53003,Asotin,"County,",WA,"Asotin County, WA"
946,30340,23001,Androscoggin,"County,",ME,"Androscoggin County, ME"
949,30460,21017,Bourbon,"County,",KY,"Bourbon County, KY"
950,30460,21049,Clark,"County,",KY,"Clark County, KY"
951,30460,21067,Fayette,"County,",KY,"Fayette County, KY"
952,30460,21113,Jessamine,"County,",KY,"Jessamine County, KY"
953,30460,21209,Scott,"County,",KY,"Scott County, KY"
954,30460,21239,Woodford,"County,",KY,"Woodford County, KY"
957,30620,39003,Allen,"County,",OH,"Allen County, OH"
960,30700,31109,Lancaster,"County,",NE,"Lancaster County, NE"
961,30700,31159,Seward,"County,",NE,"Seward County, NE"
964,30780,5045,Faulkner,"County,",AR,"Faulkner County, AR"
965,30780,5053,Grant,"County,",AR,"Grant County, AR"
966,30780,5085,Lonoke,"County,",AR,"Lonoke County, AR"
967,30780,5105,Perry,"County,",AR,"Perry County, AR"
968,30780,5119,Pulaski,"County,",AR,"Pulaski County, AR"
969,30780,5125,Saline,"County,",AR,"Saline County, AR"
972,30860,16041,Franklin,"County,",ID,"Franklin County, ID"
973,30860,49005,Cache,"County,",UT,"Cache County, UT"
976,30980,48183,Gregg,"County,",TX,"Gregg County, TX"
977,30980,48401,Rusk,"County,",TX,"Rusk County, TX"
978,30980,48459,Upshur,"County,",TX,"Upshur County, TX"
981,31020,53015,Cowlitz,"County,",WA,"Cowlitz County, WA"
984,31100,31084,Los,Angeles-Long,"Beach-Glendale,","Los Angeles-Long Beach-Glendale,"
986,31100,42044,Santa,"Ana-Anaheim-Irvine,",CA,"Santa Ana-Anaheim-Irvine, CA"
990,31140,18019,Clark,"County,",IN,"Clark County, IN"
991,31140,18043,Floyd,"County,",IN,"Floyd County, IN"
992,31140,18061,Harrison,"County,",IN,"Harrison County, IN"
993,31140,18175,Washington,"County,",IN,"Washington County, IN"
994,31140,21029,Bullitt,"County,",KY,"Bullitt County, KY"
995,31140,21103,Henry,"County,",KY,"Henry County, KY"
996,31140,21111,Jefferson,"County,",KY,"Jefferson County, KY"
997,31140,21163,Meade,"County,",KY,"Meade County, KY"
998,31140,21179,Nelson,"County,",KY,"Nelson County, KY"
999,31140,21185,Oldham,"County,",KY,"Oldham County, KY"
1000,31140,21211,Shelby,"County,",KY,"Shelby County, KY"
1001,31140,21215,Spencer,"County,",KY,"Spencer County, KY"
1002,31140,21223,Trimble,"County,",KY,"Trimble County, KY"
1005,31180,48107,Crosby,"County,",TX,"Crosby County, TX"
1006,31180,48303,Lubbock,"County,",TX,"Lubbock County, TX"
1009,31340,51009,Amherst,"County,",VA,"Amherst County, VA"
1010,31340,51011,Appomattox,"County,",VA,"Appomattox County, VA"
1011,31340,51019,Bedford,"County,",VA,"Bedford County, VA"
1012,31340,51031,Campbell,"County,",VA,"Campbell County, VA"
1013,31340,51515,Bedford,"city,",VA,"Bedford city, VA"
1014,31340,51680,Lynchburg,"city,",VA,"Lynchburg city, VA"
1017,31420,13021,Bibb,"County,",GA,"Bibb County, GA"
1018,31420,13079,Crawford,"County,",GA,"Crawford County, GA"
1019,31420,13169,Jones,"County,",GA,"Jones County, GA"
1020,31420,13207,Monroe,"County,",GA,"Monroe County, GA"
1021,31420,13289,Twiggs,"County,",GA,"Twiggs County, GA"
1024,31460,6039,Madera,"County,",CA,"Madera County, CA"
1027,31540,55021,Columbia,"County,",WI,"Columbia County, WI"
1028,31540,55025,Dane,"County,",WI,"Dane County, WI"
1029,31540,55049,Iowa,"County,",WI,"Iowa County, WI"
1032,31700,33011,Hillsborough,"County,",NH,"Hillsborough County, NH"
1035,31740,20061,Geary,"County,",KS,"Geary County, KS"
1036,31740,20149,Pottawatomie,"County,",KS,"Pottawatomie County, KS"
1037,31740,20161,Riley,"County,",KS,"Riley County, KS"
1040,31860,27013,Blue,Earth,"County,","Blue Earth County,"
1041,31860,27103,Nicollet,"County,",MN,"Nicollet County, MN"
1044,31900,39139,Richland,"County,",OH,"Richland County, OH"
1047,32420,72067,Hormigueros,"Municipio,",PR,"Hormigueros Municipio, PR"
1048,32420,72097,Mayag¸ez,"Municipio,",PR,"Mayag¸ez Municipio, PR"
1051,32580,48215,Hidalgo,"County,",TX,"Hidalgo County, TX"
1054,32780,41029,Jackson,"County,",OR,"Jackson County, OR"
1057,32820,5035,Crittenden,"County,",AR,"Crittenden County, AR"
1058,32820,28033,DeSoto,"County,",MS,"DeSoto County, MS"
1059,32820,28093,Marshall,"County,",MS,"Marshall County, MS"
1060,32820,28137,Tate,"County,",MS,"Tate County, MS"
1061,32820,28143,Tunica,"County,",MS,"Tunica County, MS"
1062,32820,47047,Fayette,"County,",TN,"Fayette County, TN"
1063,32820,47157,Shelby,"County,",TN,"Shelby County, TN"
1064,32820,47167,Tipton,"County,",TN,"Tipton County, TN"
1067,32900,6047,Merced,"County,",CA,"Merced County, CA"
1070,33100,22744,Fort,Lauderdale-Pompano,Beach-Deerfield,Fort Lauderdale-Pompano Beach-Deerfield
1072,33100,33124,Miami-Miami,"Beach-Kendall,",FL,"Miami-Miami Beach-Kendall, FL"
1074,33100,48424,West,Palm,Beach-Boca,West Palm Beach-Boca
1078,33140,18091,LaPorte,"County,",IN,"LaPorte County, IN"
1081,33260,48329,Midland,"County,",TX,"Midland County, TX"
1084,33340,55079,Milwaukee,"County,",WI,"Milwaukee County, WI"
1085,33340,55089,Ozaukee,"County,",WI,"Ozaukee County, WI"
1086,33340,55131,Washington,"County,",WI,"Washington County, WI"
1087,33340,55133,Waukesha,"County,",WI,"Waukesha County, WI"
1090,33460,27003,Anoka,"County,",MN,"Anoka County, MN"
1091,33460,27019,Carver,"County,",MN,"Carver County, MN"
1092,33460,27025,Chisago,"County,",MN,"Chisago County, MN"
1093,33460,27037,Dakota,"County,",MN,"Dakota County, MN"
1094,33460,27053,Hennepin,"County,",MN,"Hennepin County, MN"
1095,33460,27059,Isanti,"County,",MN,"Isanti County, MN"
1096,33460,27123,Ramsey,"County,",MN,"Ramsey County, MN"
1097,33460,27139,Scott,"County,",MN,"Scott County, MN"
1098,33460,27141,Sherburne,"County,",MN,"Sherburne County, MN"
1099,33460,27163,Washington,"County,",MN,"Washington County, MN"
1100,33460,27171,Wright,"County,",MN,"Wright County, MN"
1101,33460,55093,Pierce,"County,",WI,"Pierce County, WI"
1102,33460,55109,St.,Croix,"County,","St. Croix County,"
1105,33540,30063,Missoula,"County,",MT,"Missoula County, MT"
1108,33660,1097,Mobile,"County,",AL,"Mobile County, AL"
1111,33700,6099,Stanislaus,"County,",CA,"Stanislaus County, CA"
1114,33740,22073,Ouachita,"Parish,",LA,"Ouachita Parish, LA"
1115,33740,22111,Union,"Parish,",LA,"Union Parish, LA"
1118,33780,26115,Monroe,"County,",MI,"Monroe County, MI"
1121,33860,1001,Autauga,"County,",AL,"Autauga County, AL"
1122,33860,1051,Elmore,"County,",AL,"Elmore County, AL"
1123,33860,1085,Lowndes,"County,",AL,"Lowndes County, AL"
1124,33860,1101,Montgomery,"County,",AL,"Montgomery County, AL"
1127,34060,54061,Monongalia,"County,",WV,"Monongalia County, WV"
1128,34060,54077,Preston,"County,",WV,"Preston County, WV"
1131,34100,47057,Grainger,"County,",TN,"Grainger County, TN"
1132,34100,47063,Hamblen,"County,",TN,"Hamblen County, TN"
1133,34100,47089,Jefferson,"County,",TN,"Jefferson County, TN"
1136,34580,53057,Skagit,"County,",WA,"Skagit County, WA"
1139,34620,18035,Delaware,"County,",IN,"Delaware County, IN"
1142,34740,26121,Muskegon,"County,",MI,"Muskegon County, MI"
1145,34820,45051,Horry,"County,",SC,"Horry County, SC"
1148,34900,6055,Napa,"County,",CA,"Napa County, CA"
1151,34940,12021,Collier,"County,",FL,"Collier County, FL"
1154,34980,47015,Cannon,"County,",TN,"Cannon County, TN"
1155,34980,47021,Cheatham,"County,",TN,"Cheatham County, TN"
1156,34980,47037,Davidson,"County,",TN,"Davidson County, TN"
1157,34980,47043,Dickson,"County,",TN,"Dickson County, TN"
1158,34980,47081,Hickman,"County,",TN,"Hickman County, TN"
1159,34980,47111,Macon,"County,",TN,"Macon County, TN"
1160,34980,47147,Robertson,"County,",TN,"Robertson County, TN"
1161,34980,47149,Rutherford,"County,",TN,"Rutherford County, TN"
1162,34980,47159,Smith,"County,",TN,"Smith County, TN"
1163,34980,47165,Sumner,"County,",TN,"Sumner County, TN"
1164,34980,47169,Trousdale,"County,",TN,"Trousdale County, TN"
1165,34980,47187,Williamson,"County,",TN,"Williamson County, TN"
1166,34980,47189,Wilson,"County,",TN,"Wilson County, TN"
1169,35300,9009,New,Haven,"County,","New Haven County,"
1172,35380,22051,Jefferson,"Parish,",LA,"Jefferson Parish, LA"
1173,35380,22071,Orleans,"Parish,",LA,"Orleans Parish, LA"
1174,35380,22075,Plaquemines,"Parish,",LA,"Plaquemines Parish, LA"
1175,35380,22087,St.,Bernard,"Parish,","St. Bernard Parish,"
1176,35380,22089,St.,Charles,"Parish,","St. Charles Parish,"
1177,35380,22095,St.,John,the,St. John the
1178,35380,22103,St.,Tammany,"Parish,","St. Tammany Parish,"
1181,35620,20764,Edison-New,"Brunswick,",NJ,"Edison-New Brunswick, NJ"
1186,35620,35004,"Nassau-Suffolk,",NY,Metropolitan,"Nassau-Suffolk, NY Metropolitan"
1189,35620,35644,New,York-White,"Plains-Wayne,","New York-White Plains-Wayne,"
1201,35620,35084,"Newark-Union,",NJ-PA,Metropolitan,"Newark-Union, NJ-PA Metropolitan"
1210,35660,26021,Berrien,"County,",MI,"Berrien County, MI"
1213,35840,12081,Manatee,"County,",FL,"Manatee County, FL"
1214,35840,12115,Sarasota,"County,",FL,"Sarasota County, FL"
1217,35980,9011,New,London,"County,","New London County,"
1220,36100,12083,Marion,"County,",FL,"Marion County, FL"
1223,36140,34009,Cape,May,"County,","Cape May County,"
1226,36220,48135,Ector,"County,",TX,"Ector County, TX"
1229,36260,49011,Davis,"County,",UT,"Davis County, UT"
1230,36260,49029,Morgan,"County,",UT,"Morgan County, UT"
1231,36260,49057,Weber,"County,",UT,"Weber County, UT"
1234,36420,40017,Canadian,"County,",OK,"Canadian County, OK"
1235,36420,40027,Cleveland,"County,",OK,"Cleveland County, OK"
1236,36420,40051,Grady,"County,",OK,"Grady County, OK"
1237,36420,40081,Lincoln,"County,",OK,"Lincoln County, OK"
1238,36420,40083,Logan,"County,",OK,"Logan County, OK"
1239,36420,40087,McClain,"County,",OK,"McClain County, OK"
1240,36420,40109,Oklahoma,"County,",OK,"Oklahoma County, OK"
1243,36500,53067,Thurston,"County,",WA,"Thurston County, WA"
1246,36540,19085,Harrison,"County,",IA,"Harrison County, IA"
1247,36540,19129,Mills,"County,",IA,"Mills County, IA"
1248,36540,19155,Pottawattamie,"County,",IA,"Pottawattamie County, IA"
1249,36540,31025,Cass,"County,",NE,"Cass County, NE"
1250,36540,31055,Douglas,"County,",NE,"Douglas County, NE"
1251,36540,31153,Sarpy,"County,",NE,"Sarpy County, NE"
1252,36540,31155,Saunders,"County,",NE,"Saunders County, NE"
1253,36540,31177,Washington,"County,",NE,"Washington County, NE"
1256,36740,12069,Lake,"County,",FL,"Lake County, FL"
1257,36740,12095,Orange,"County,",FL,"Orange County, FL"
1258,36740,12097,Osceola,"County,",FL,"Osceola County, FL"
1259,36740,12117,Seminole,"County,",FL,"Seminole County, FL"
1262,36780,55139,Winnebago,"County,",WI,"Winnebago County, WI"
1265,36980,21059,Daviess,"County,",KY,"Daviess County, KY"
1266,36980,21091,Hancock,"County,",KY,"Hancock County, KY"
1267,36980,21149,McLean,"County,",KY,"McLean County, KY"
1270,37100,6111,Ventura,"County,",CA,"Ventura County, CA"
1273,37340,12009,Brevard,"County,",FL,"Brevard County, FL"
1276,37380,12035,Flagler,"County,",FL,"Flagler County, FL"
1279,37460,12005,Bay,"County,",FL,"Bay County, FL"
1282,37620,39167,Washington,"County,",OH,"Washington County, OH"
1283,37620,54073,Pleasants,"County,",WV,"Pleasants County, WV"
1284,37620,54105,Wirt,"County,",WV,"Wirt County, WV"
1285,37620,54107,Wood,"County,",WV,"Wood County, WV"
1288,37700,28039,George,"County,",MS,"George County, MS"
1289,37700,28059,Jackson,"County,",MS,"Jackson County, MS"
1292,37860,12033,Escambia,"County,",FL,"Escambia County, FL"
1293,37860,12113,Santa,Rosa,"County,","Santa Rosa County,"
1296,37900,17123,Marshall,"County,",IL,"Marshall County, IL"
1297,37900,17143,Peoria,"County,",IL,"Peoria County, IL"
1298,37900,17175,Stark,"County,",IL,"Stark County, IL"
1299,37900,17179,Tazewell,"County,",IL,"Tazewell County, IL"
1300,37900,17203,Woodford,"County,",IL,"Woodford County, IL"
1303,37980,15804,"Camden,",NJ,Metropolitan,"Camden, NJ Metropolitan"
1307,37980,37964,"Philadelphia,",PA,Metropolitan,"Philadelphia, PA Metropolitan"
1313,37980,48864,"Wilmington,",DE-MD-NJ,Metropolitan,"Wilmington, DE-MD-NJ Metropolitan"
1319,38060,4013,Maricopa,"County,",AZ,"Maricopa County, AZ"
1320,38060,4021,Pinal,"County,",AZ,"Pinal County, AZ"
1323,38220,5025,Cleveland,"County,",AR,"Cleveland County, AR"
1324,38220,5069,Jefferson,"County,",AR,"Jefferson County, AR"
1325,38220,5079,Lincoln,"County,",AR,"Lincoln County, AR"
1328,38300,42003,Allegheny,"County,",PA,"Allegheny County, PA"
1329,38300,42005,Armstrong,"County,",PA,"Armstrong County, PA"
1330,38300,42007,Beaver,"County,",PA,"Beaver County, PA"
1331,38300,42019,Butler,"County,",PA,"Butler County, PA"
1332,38300,42051,Fayette,"County,",PA,"Fayette County, PA"
1333,38300,42125,Washington,"County,",PA,"Washington County, PA"
1334,38300,42129,Westmoreland,"County,",PA,"Westmoreland County, PA"
1337,38340,25003,Berkshire,"County,",MA,"Berkshire County, MA"
1340,38540,16005,Bannock,"County,",ID,"Bannock County, ID"
1341,38540,16077,Power,"County,",ID,"Power County, ID"
1344,38660,72075,Juana,DÌaz,"Municipio,","Juana DÌaz Municipio,"
1345,38660,72113,Ponce,"Municipio,",PR,"Ponce Municipio, PR"
1346,38660,72149,Villalba,"Municipio,",PR,"Villalba Municipio, PR"
1349,38860,23005,Cumberland,"County,",ME,"Cumberland County, ME"
1350,38860,23023,Sagadahoc,"County,",ME,"Sagadahoc County, ME"
1351,38860,23031,York,"County,",ME,"York County, ME"
1354,38900,41005,Clackamas,"County,",OR,"Clackamas County, OR"
1355,38900,41009,Columbia,"County,",OR,"Columbia County, OR"
1356,38900,41051,Multnomah,"County,",OR,"Multnomah County, OR"
1357,38900,41067,Washington,"County,",OR,"Washington County, OR"
1358,38900,41071,Yamhill,"County,",OR,"Yamhill County, OR"
1359,38900,53011,Clark,"County,",WA,"Clark County, WA"
1360,38900,53059,Skamania,"County,",WA,"Skamania County, WA"
1363,38940,12085,Martin,"County,",FL,"Martin County, FL"
1364,38940,12111,St.,Lucie,"County,","St. Lucie County,"
1367,39100,36027,Dutchess,"County,",NY,"Dutchess County, NY"
1368,39100,36071,Orange,"County,",NY,"Orange County, NY"
1371,39140,4025,Yavapai,"County,",AZ,"Yavapai County, AZ"
1374,39300,25005,Bristol,"County,",MA,"Bristol County, MA"
1375,39300,44001,Bristol,"County,",RI,"Bristol County, RI"
1376,39300,44003,Kent,"County,",RI,"Kent County, RI"
1377,39300,44005,Newport,"County,",RI,"Newport County, RI"
1378,39300,44007,Providence,"County,",RI,"Providence County, RI"
1379,39300,44009,Washington,"County,",RI,"Washington County, RI"
1382,39340,49023,Juab,"County,",UT,"Juab County, UT"
1383,39340,49049,Utah,"County,",UT,"Utah County, UT"
1386,39380,8101,Pueblo,"County,",CO,"Pueblo County, CO"
1389,39460,12015,Charlotte,"County,",FL,"Charlotte County, FL"
1392,39540,55101,Racine,"County,",WI,"Racine County, WI"
1395,39580,37069,Franklin,"County,",NC,"Franklin County, NC"
1396,39580,37101,Johnston,"County,",NC,"Johnston County, NC"
1397,39580,37183,Wake,"County,",NC,"Wake County, NC"
1400,39660,46093,Meade,"County,",SD,"Meade County, SD"
1401,39660,46103,Pennington,"County,",SD,"Pennington County, SD"
1404,39740,42011,Berks,"County,",PA,"Berks County, PA"
1407,39820,6089,Shasta,"County,",CA,"Shasta County, CA"
1410,39900,32029,Storey,"County,",NV,"Storey County, NV"
1411,39900,32031,Washoe,"County,",NV,"Washoe County, NV"
1414,40060,51007,Amelia,"County,",VA,"Amelia County, VA"
1415,40060,51033,Caroline,"County,",VA,"Caroline County, VA"
1416,40060,51036,Charles,City,"County,","Charles City County,"
1417,40060,51041,Chesterfield,"County,",VA,"Chesterfield County, VA"
1418,40060,51049,Cumberland,"County,",VA,"Cumberland County, VA"
1419,40060,51053,Dinwiddie,"County,",VA,"Dinwiddie County, VA"
1420,40060,51075,Goochland,"County,",VA,"Goochland County, VA"
1421,40060,51085,Hanover,"County,",VA,"Hanover County, VA"
1422,40060,51087,Henrico,"County,",VA,"Henrico County, VA"
1423,40060,51097,King,and,Queen,King and Queen
1424,40060,51101,King,William,"County,","King William County,"
1425,40060,51109,Louisa,"County,",VA,"Louisa County, VA"
1426,40060,51127,New,Kent,"County,","New Kent County,"
1427,40060,51145,Powhatan,"County,",VA,"Powhatan County, VA"
1428,40060,51149,Prince,George,"County,","Prince George County,"
1429,40060,51183,Sussex,"County,",VA,"Sussex County, VA"
1430,40060,51570,Colonial,Heights,"city,","Colonial Heights city,"
1431,40060,51670,Hopewell,"city,",VA,"Hopewell city, VA"
1432,40060,51730,Petersburg,"city,",VA,"Petersburg city, VA"
1433,40060,51760,Richmond,"city,",VA,"Richmond city, VA"
1436,40140,6065,Riverside,"County,",CA,"Riverside County, CA"
1437,40140,6071,San,Bernardino,"County,","San Bernardino County,"
1440,40220,51023,Botetourt,"County,",VA,"Botetourt County, VA"
1441,40220,51045,Craig,"County,",VA,"Craig County, VA"
1442,40220,51067,Franklin,"County,",VA,"Franklin County, VA"
1443,40220,51161,Roanoke,"County,",VA,"Roanoke County, VA"
1444,40220,51770,Roanoke,"city,",VA,"Roanoke city, VA"
1445,40220,51775,Salem,"city,",VA,"Salem city, VA"
1448,40340,27039,Dodge,"County,",MN,"Dodge County, MN"
1449,40340,27109,Olmsted,"County,",MN,"Olmsted County, MN"
1450,40340,27157,Wabasha,"County,",MN,"Wabasha County, MN"
1453,40380,36051,Livingston,"County,",NY,"Livingston County, NY"
1454,40380,36055,Monroe,"County,",NY,"Monroe County, NY"
1455,40380,36069,Ontario,"County,",NY,"Ontario County, NY"
1456,40380,36073,Orleans,"County,",NY,"Orleans County, NY"
1457,40380,36117,Wayne,"County,",NY,"Wayne County, NY"
1460,40420,17007,Boone,"County,",IL,"Boone County, IL"
1461,40420,17201,Winnebago,"County,",IL,"Winnebago County, IL"
1464,40580,37065,Edgecombe,"County,",NC,"Edgecombe County, NC"
1465,40580,37127,Nash,"County,",NC,"Nash County, NC"
1468,40660,13115,Floyd,"County,",GA,"Floyd County, GA"
1471,40900,6017,El,Dorado,"County,","El Dorado County,"
1472,40900,6061,Placer,"County,",CA,"Placer County, CA"
1473,40900,6067,Sacramento,"County,",CA,"Sacramento County, CA"
1474,40900,6113,Yolo,"County,",CA,"Yolo County, CA"
1477,40980,26145,Saginaw,"County,",MI,"Saginaw County, MI"
1480,41060,27009,Benton,"County,",MN,"Benton County, MN"
1481,41060,27145,Stearns,"County,",MN,"Stearns County, MN"
1484,41100,49053,Washington,"County,",UT,"Washington County, UT"
1487,41140,20043,Doniphan,"County,",KS,"Doniphan County, KS"
1488,41140,29003,Andrew,"County,",MO,"Andrew County, MO"
1489,41140,29021,Buchanan,"County,",MO,"Buchanan County, MO"
1490,41140,29063,DeKalb,"County,",MO,"DeKalb County, MO"
1493,41180,17005,Bond,"County,",IL,"Bond County, IL"
1494,41180,17013,Calhoun,"County,",IL,"Calhoun County, IL"
1495,41180,17027,Clinton,"County,",IL,"Clinton County, IL"
1496,41180,17083,Jersey,"County,",IL,"Jersey County, IL"
1497,41180,17117,Macoupin,"County,",IL,"Macoupin County, IL"
1498,41180,17119,Madison,"County,",IL,"Madison County, IL"
1499,41180,17133,Monroe,"County,",IL,"Monroe County, IL"
1500,41180,17163,St.,Clair,"County,","St. Clair County,"
1501,41180,29055,Crawford,"County,",MO,"Crawford County, MO"
1502,41180,29071,Franklin,"County,",MO,"Franklin County, MO"
1503,41180,29099,Jefferson,"County,",MO,"Jefferson County, MO"
1504,41180,29113,Lincoln,"County,",MO,"Lincoln County, MO"
1505,41180,29183,St.,Charles,"County,","St. Charles County,"
1506,41180,29189,St.,Louis,"County,","St. Louis County,"
1507,41180,29219,Warren,"County,",MO,"Warren County, MO"
1508,41180,29221,Washington,"County,",MO,"Washington County, MO"
1509,41180,29510,St.,Louis,"city,","St. Louis city,"
1512,41420,41047,Marion,"County,",OR,"Marion County, OR"
1513,41420,41053,Polk,"County,",OR,"Polk County, OR"
1516,41500,6053,Monterey,"County,",CA,"Monterey County, CA"
1519,41540,24039,Somerset,"County,",MD,"Somerset County, MD"
1520,41540,24045,Wicomico,"County,",MD,"Wicomico County, MD"
1523,41620,49035,Salt,Lake,"County,","Salt Lake County,"
1524,41620,49043,Summit,"County,",UT,"Summit County, UT"
1525,41620,49045,Tooele,"County,",UT,"Tooele County, UT"
1528,41660,48235,Irion,"County,",TX,"Irion County, TX"
1529,41660,48451,Tom,Green,"County,","Tom Green County,"
1532,41700,48013,Atascosa,"County,",TX,"Atascosa County, TX"
1533,41700,48019,Bandera,"County,",TX,"Bandera County, TX"
1534,41700,48029,Bexar,"County,",TX,"Bexar County, TX"
1535,41700,48091,Comal,"County,",TX,"Comal County, TX"
1536,41700,48187,Guadalupe,"County,",TX,"Guadalupe County, TX"
1537,41700,48259,Kendall,"County,",TX,"Kendall County, TX"
1538,41700,48325,Medina,"County,",TX,"Medina County, TX"
1539,41700,48493,Wilson,"County,",TX,"Wilson County, TX"
1542,41740,6073,San,Diego,"County,","San Diego County,"
1545,41780,39043,Erie,"County,",OH,"Erie County, OH"
1548,41860,36084,"Oakland-Fremont-Hayward,",CA,Metropolitan,"Oakland-Fremont-Hayward, CA Metropolitan"
1551,41860,41884,San,Francisco-San,Mateo-Redwood,San Francisco-San Mateo-Redwood
1557,41900,72023,Cabo,Rojo,"Municipio,","Cabo Rojo Municipio,"
1558,41900,72079,Lajas,"Municipio,",PR,"Lajas Municipio, PR"
1559,41900,72121,Sabana,Grande,"Municipio,","Sabana Grande Municipio,"
1560,41900,72125,San,Germ·n,"Municipio,","San Germ·n Municipio,"
1563,41940,6069,San,Benito,"County,","San Benito County,"
1564,41940,6085,Santa,Clara,"County,","Santa Clara County,"
1567,41980,72007,Aguas,Buenas,"Municipio,","Aguas Buenas Municipio,"
1568,41980,72009,Aibonito,"Municipio,",PR,"Aibonito Municipio, PR"
1569,41980,72013,Arecibo,"Municipio,",PR,"Arecibo Municipio, PR"
1570,41980,72017,Barceloneta,"Municipio,",PR,"Barceloneta Municipio, PR"
1571,41980,72019,Barranquitas,"Municipio,",PR,"Barranquitas Municipio, PR"
1572,41980,72021,BayamÛn,"Municipio,",PR,"BayamÛn Municipio, PR"
1573,41980,72025,Caguas,"Municipio,",PR,"Caguas Municipio, PR"
1574,41980,72027,Camuy,"Municipio,",PR,"Camuy Municipio, PR"
1575,41980,72029,CanÛvanas,"Municipio,",PR,"CanÛvanas Municipio, PR"
1576,41980,72031,Carolina,"Municipio,",PR,"Carolina Municipio, PR"
1577,41980,72033,CataÒo,"Municipio,",PR,"CataÒo Municipio, PR"
1578,41980,72035,Cayey,"Municipio,",PR,"Cayey Municipio, PR"
1579,41980,72039,Ciales,"Municipio,",PR,"Ciales Municipio, PR"
1580,41980,72041,Cidra,"Municipio,",PR,"Cidra Municipio, PR"
1581,41980,72045,ComerÌo,"Municipio,",PR,"ComerÌo Municipio, PR"
1582,41980,72047,Corozal,"Municipio,",PR,"Corozal Municipio, PR"
1583,41980,72051,Dorado,"Municipio,",PR,"Dorado Municipio, PR"
1584,41980,72054,Florida,"Municipio,",PR,"Florida Municipio, PR"
1585,41980,72061,Guaynabo,"Municipio,",PR,"Guaynabo Municipio, PR"
1586,41980,72063,Gurabo,"Municipio,",PR,"Gurabo Municipio, PR"
1587,41980,72065,Hatillo,"Municipio,",PR,"Hatillo Municipio, PR"
1588,41980,72069,Humacao,"Municipio,",PR,"Humacao Municipio, PR"
1589,41980,72077,Juncos,"Municipio,",PR,"Juncos Municipio, PR"
1590,41980,72085,Las,Piedras,"Municipio,","Las Piedras Municipio,"
1591,41980,72087,LoÌza,"Municipio,",PR,"LoÌza Municipio, PR"
1592,41980,72091,ManatÌ,"Municipio,",PR,"ManatÌ Municipio, PR"
1593,41980,72095,Maunabo,"Municipio,",PR,"Maunabo Municipio, PR"
1594,41980,72101,Morovis,"Municipio,",PR,"Morovis Municipio, PR"
1595,41980,72103,Naguabo,"Municipio,",PR,"Naguabo Municipio, PR"
1596,41980,72105,Naranjito,"Municipio,",PR,"Naranjito Municipio, PR"
1597,41980,72107,Orocovis,"Municipio,",PR,"Orocovis Municipio, PR"
1598,41980,72115,Quebradillas,"Municipio,",PR,"Quebradillas Municipio, PR"
1599,41980,72119,RÌo,Grande,"Municipio,","RÌo Grande Municipio,"
1600,41980,72127,San,Juan,"Municipio,","San Juan Municipio,"
1601,41980,72129,San,Lorenzo,"Municipio,","San Lorenzo Municipio,"
1602,41980,72135,Toa,Alta,"Municipio,","Toa Alta Municipio,"
1603,41980,72137,Toa,Baja,"Municipio,","Toa Baja Municipio,"
1604,41980,72139,Trujillo,Alto,"Municipio,","Trujillo Alto Municipio,"
1605,41980,72143,Vega,Alta,"Municipio,","Vega Alta Municipio,"
1606,41980,72145,Vega,Baja,"Municipio,","Vega Baja Municipio,"
1607,41980,72151,Yabucoa,"Municipio,",PR,"Yabucoa Municipio, PR"
1610,42020,6079,San,Luis,Obispo,San Luis Obispo
1613,42060,6083,Santa,Barbara,"County,","Santa Barbara County,"
1616,42100,6087,Santa,Cruz,"County,","Santa Cruz County,"
1619,42140,35049,Santa,Fe,"County,","Santa Fe County,"
1622,42220,6097,Sonoma,"County,",CA,"Sonoma County, CA"
1625,42340,13029,Bryan,"County,",GA,"Bryan County, GA"
1626,42340,13051,Chatham,"County,",GA,"Chatham County, GA"
1627,42340,13103,Effingham,"County,",GA,"Effingham County, GA"
1630,42540,42069,Lackawanna,"County,",PA,"Lackawanna County, PA"
1631,42540,42079,Luzerne,"County,",PA,"Luzerne County, PA"
1632,42540,42131,Wyoming,"County,",PA,"Wyoming County, PA"
1635,42660,42644,"Seattle-Bellevue-Everett,",WA,Metropolitan,"Seattle-Bellevue-Everett, WA Metropolitan"
1638,42660,45104,"Tacoma,",WA,Metropolitan,"Tacoma, WA Metropolitan"
1642,42680,12061,Indian,River,"County,","Indian River County,"
1645,43100,55117,Sheboygan,"County,",WI,"Sheboygan County, WI"
1648,43300,48181,Grayson,"County,",TX,"Grayson County, TX"
1651,43340,22015,Bossier,"Parish,",LA,"Bossier Parish, LA"
1652,43340,22017,Caddo,"Parish,",LA,"Caddo Parish, LA"
1653,43340,22031,De,Soto,"Parish,","De Soto Parish,"
1656,43580,19193,Woodbury,"County,",IA,"Woodbury County, IA"
1657,43580,31043,Dakota,"County,",NE,"Dakota County, NE"
1658,43580,31051,Dixon,"County,",NE,"Dixon County, NE"
1659,43580,46127,Union,"County,",SD,"Union County, SD"
1662,43620,46083,Lincoln,"County,",SD,"Lincoln County, SD"
1663,43620,46087,McCook,"County,",SD,"McCook County, SD"
1664,43620,46099,Minnehaha,"County,",SD,"Minnehaha County, SD"
1665,43620,46125,Turner,"County,",SD,"Turner County, SD"
1668,43780,18141,St.,Joseph,"County,","St. Joseph County,"
1669,43780,26027,Cass,"County,",MI,"Cass County, MI"
1672,43900,45083,Spartanburg,"County,",SC,"Spartanburg County, SC"
1675,44060,53063,Spokane,"County,",WA,"Spokane County, WA"
1678,44100,17129,Menard,"County,",IL,"Menard County, IL"
1679,44100,17167,Sangamon,"County,",IL,"Sangamon County, IL"
1682,44140,25011,Franklin,"County,",MA,"Franklin County, MA"
1683,44140,25013,Hampden,"County,",MA,"Hampden County, MA"
1684,44140,25015,Hampshire,"County,",MA,"Hampshire County, MA"
1687,44180,29043,Christian,"County,",MO,"Christian County, MO"
1688,44180,29059,Dallas,"County,",MO,"Dallas County, MO"
1689,44180,29077,Greene,"County,",MO,"Greene County, MO"
1690,44180,29167,Polk,"County,",MO,"Polk County, MO"
1691,44180,29225,Webster,"County,",MO,"Webster County, MO"
1694,44220,39023,Clark,"County,",OH,"Clark County, OH"
1697,44300,42027,Centre,"County,",PA,"Centre County, PA"
1700,44600,39081,Jefferson,"County,",OH,"Jefferson County, OH"
1701,44600,54009,Brooke,"County,",WV,"Brooke County, WV"
1702,44600,54029,Hancock,"County,",WV,"Hancock County, WV"
1705,44700,6077,San,Joaquin,"County,","San Joaquin County,"
1708,44940,45085,Sumter,"County,",SC,"Sumter County, SC"
1711,45060,36053,Madison,"County,",NY,"Madison County, NY"
1712,45060,36067,Onondaga,"County,",NY,"Onondaga County, NY"
1713,45060,36075,Oswego,"County,",NY,"Oswego County, NY"
1716,45220,12039,Gadsden,"County,",FL,"Gadsden County, FL"
1717,45220,12065,Jefferson,"County,",FL,"Jefferson County, FL"
1718,45220,12073,Leon,"County,",FL,"Leon County, FL"
1719,45220,12129,Wakulla,"County,",FL,"Wakulla County, FL"
1722,45300,12053,Hernando,"County,",FL,"Hernando County, FL"
1723,45300,12057,Hillsborough,"County,",FL,"Hillsborough County, FL"
1724,45300,12101,Pasco,"County,",FL,"Pasco County, FL"
1725,45300,12103,Pinellas,"County,",FL,"Pinellas County, FL"
1728,45460,18021,Clay,"County,",IN,"Clay County, IN"
1729,45460,18153,Sullivan,"County,",IN,"Sullivan County, IN"
1730,45460,18165,Vermillion,"County,",IN,"Vermillion County, IN"
1731,45460,18167,Vigo,"County,",IN,"Vigo County, IN"
1734,45500,5091,Miller,"County,",AR,"Miller County, AR"
1735,45500,48037,Bowie,"County,",TX,"Bowie County, TX"
1738,45780,39051,Fulton,"County,",OH,"Fulton County, OH"
1739,45780,39095,Lucas,"County,",OH,"Lucas County, OH"
1740,45780,39123,Ottawa,"County,",OH,"Ottawa County, OH"
1741,45780,39173,Wood,"County,",OH,"Wood County, OH"
1744,45820,20085,Jackson,"County,",KS,"Jackson County, KS"
1745,45820,20087,Jefferson,"County,",KS,"Jefferson County, KS"
1746,45820,20139,Osage,"County,",KS,"Osage County, KS"
1747,45820,20177,Shawnee,"County,",KS,"Shawnee County, KS"
1748,45820,20197,Wabaunsee,"County,",KS,"Wabaunsee County, KS"
1751,45940,34021,Mercer,"County,",NJ,"Mercer County, NJ"
1754,46060,4019,Pima,"County,",AZ,"Pima County, AZ"
1757,46140,40037,Creek,"County,",OK,"Creek County, OK"
1758,46140,40111,Okmulgee,"County,",OK,"Okmulgee County, OK"
1759,46140,40113,Osage,"County,",OK,"Osage County, OK"
1760,46140,40117,Pawnee,"County,",OK,"Pawnee County, OK"
1761,46140,40131,Rogers,"County,",OK,"Rogers County, OK"
1762,46140,40143,Tulsa,"County,",OK,"Tulsa County, OK"
1763,46140,40145,Wagoner,"County,",OK,"Wagoner County, OK"
1766,46220,1063,Greene,"County,",AL,"Greene County, AL"
1767,46220,1065,Hale,"County,",AL,"Hale County, AL"
1768,46220,1125,Tuscaloosa,"County,",AL,"Tuscaloosa County, AL"
1771,46340,48423,Smith,"County,",TX,"Smith County, TX"
1774,46540,36043,Herkimer,"County,",NY,"Herkimer County, NY"
1775,46540,36065,Oneida,"County,",NY,"Oneida County, NY"
1778,46660,13027,Brooks,"County,",GA,"Brooks County, GA"
1779,46660,13101,Echols,"County,",GA,"Echols County, GA"
1780,46660,13173,Lanier,"County,",GA,"Lanier County, GA"
1781,46660,13185,Lowndes,"County,",GA,"Lowndes County, GA"
1784,46700,6095,Solano,"County,",CA,"Solano County, CA"
1787,47020,48057,Calhoun,"County,",TX,"Calhoun County, TX"
1788,47020,48175,Goliad,"County,",TX,"Goliad County, TX"
1789,47020,48469,Victoria,"County,",TX,"Victoria County, TX"
1792,47220,34011,Cumberland,"County,",NJ,"Cumberland County, NJ"
1795,47260,37053,Currituck,"County,",NC,"Currituck County, NC"
1796,47260,51073,Gloucester,"County,",VA,"Gloucester County, VA"
1797,47260,51093,Isle,of,Wight,Isle of Wight
1798,47260,51095,James,City,"County,","James City County,"
1799,47260,51115,Mathews,"County,",VA,"Mathews County, VA"
1800,47260,51181,Surry,"County,",VA,"Surry County, VA"
1801,47260,51199,York,"County,",VA,"York County, VA"
1802,47260,51550,Chesapeake,"city,",VA,"Chesapeake city, VA"
1803,47260,51650,Hampton,"city,",VA,"Hampton city, VA"
1804,47260,51700,Newport,News,"city,","Newport News city,"
1805,47260,51710,Norfolk,"city,",VA,"Norfolk city, VA"
1806,47260,51735,Poquoson,"city,",VA,"Poquoson city, VA"
1807,47260,51740,Portsmouth,"city,",VA,"Portsmouth city, VA"
1808,47260,51800,Suffolk,"city,",VA,"Suffolk city, VA"
1809,47260,51810,Virginia,Beach,"city,","Virginia Beach city,"
1810,47260,51830,Williamsburg,"city,",VA,"Williamsburg city, VA"
1813,47300,6107,Tulare,"County,",CA,"Tulare County, CA"
1816,47380,48309,McLennan,"County,",TX,"McLennan County, TX"
1819,47580,13153,Houston,"County,",GA,"Houston County, GA"
1822,47900,13644,"Bethesda-Rockville-Frederick,",MD,Metropolitan,"Bethesda-Rockville-Frederick, MD Metropolitan"
1825,47900,47894,"Washington-Arlington-Alexandria,",DC-VA-MD-WV,Metropolitan,"Washington-Arlington-Alexandria, DC-VA-MD-WV Metropolitan"
1848,47940,19013,Black,Hawk,"County,","Black Hawk County,"
1849,47940,19017,Bremer,"County,",IA,"Bremer County, IA"
1850,47940,19075,Grundy,"County,",IA,"Grundy County, IA"
1853,48140,55073,Marathon,"County,",WI,"Marathon County, WI"
1856,48300,53007,Chelan,"County,",WA,"Chelan County, WA"
1857,48300,53017,Douglas,"County,",WA,"Douglas County, WA"
1860,48540,39013,Belmont,"County,",OH,"Belmont County, OH"
1861,48540,54051,Marshall,"County,",WV,"Marshall County, WV"
1862,48540,54069,Ohio,"County,",WV,"Ohio County, WV"
1865,48620,20015,Butler,"County,",KS,"Butler County, KS"
1866,48620,20079,Harvey,"County,",KS,"Harvey County, KS"
1867,48620,20173,Sedgwick,"County,",KS,"Sedgwick County, KS"
1868,48620,20191,Sumner,"County,",KS,"Sumner County, KS"
1871,48660,48009,Archer,"County,",TX,"Archer County, TX"
1872,48660,48077,Clay,"County,",TX,"Clay County, TX"
1873,48660,48485,Wichita,"County,",TX,"Wichita County, TX"
1876,48700,42081,Lycoming,"County,",PA,"Lycoming County, PA"
1879,48900,37019,Brunswick,"County,",NC,"Brunswick County, NC"
1880,48900,37129,New,Hanover,"County,","New Hanover County,"
1881,48900,37141,Pender,"County,",NC,"Pender County, NC"
1884,49020,51069,Frederick,"County,",VA,"Frederick County, VA"
1885,49020,51840,Winchester,"city,",VA,"Winchester city, VA"
1886,49020,54027,Hampshire,"County,",WV,"Hampshire County, WV"
1889,49180,37059,Davie,"County,",NC,"Davie County, NC"
1890,49180,37067,Forsyth,"County,",NC,"Forsyth County, NC"
1891,49180,37169,Stokes,"County,",NC,"Stokes County, NC"
1892,49180,37197,Yadkin,"County,",NC,"Yadkin County, NC"
1895,49340,25027,Worcester,"County,",MA,"Worcester County, MA"
1898,49420,53077,Yakima,"County,",WA,"Yakima County, WA"
1901,49500,72055,Gu·nica,"Municipio,",PR,"Gu·nica Municipio, PR"
1902,49500,72059,Guayanilla,"Municipio,",PR,"Guayanilla Municipio, PR"
1903,49500,72111,PeÒuelas,"Municipio,",PR,"PeÒuelas Municipio, PR"
1904,49500,72153,Yauco,"Municipio,",PR,"Yauco Municipio, PR"
1907,49620,42133,York,"County,",PA,"York County, PA"
1910,49660,39099,Mahoning,"County,",OH,"Mahoning County, OH"
1911,49660,39155,Trumbull,"County,",OH,"Trumbull County, OH"
1912,49660,42085,Mercer,"County,",PA,"Mercer County, PA"
1915,49700,6101,Sutter,"County,",CA,"Sutter County, CA"
1916,49700,6115,Yuba,"County,",CA,"Yuba County, CA"
1919,49740,4027,Yuma,"County,",AZ,"Yuma County, AZ"